Class	Name
1	NMD
1	NMD
1	NMD
1	NMD
1	NMD
1	NMD
1	NMD
1	NMD
1	NMD
1	NMD
1	NMD
1	NMD
1	NMD
1	NMD
1	NMD
1	NMD
1	NMD
1	NMD
1	NMD
1	NMD
1	NMD
1	NMD
1	NMD
1	NMD
1	NMD
1	NMD
1	NMD
1	NMD
1	NMD
1	NMD
1	NMD
1	NMD
1	NMD
1	NMD
1	NMD
1	NMD
1	NMD
1	NMD
1	NMD
1	NMD
1	NMD
1	NMD
1	NMD
1	NMD
1	NMD
1	NMD
1	NMD
1	NMD
1	NMD
1	NMD
1	NMD
1	NMD
1	NMD
1	NMD
1	NMD
1	NMD
1	NMD
1	NMD
1	NMD
1	NMD
1	NMD
1	NMD
1	NMD
1	NMD
1	NMD
1	NMD
1	NMD
1	NMD
1	NMD
1	NMD
1	NMD
1	NMD
1	NMD
1	NMD
1	NMD
1	NMD
1	NMD
1	NMD
1	NMD
1	NMD
1	NMD
1	NMD
1	NMD
1	NMD
1	NMD
1	NMD
1	NMD
1	NMD
1	NMD
1	NMD
1	NMD
1	NMD
1	NMD
1	NMD
1	NMD
1	NMD
1	NMD
1	NMD
1	NMD
1	NMD
2	NMD
2	NMD
2	NMD
2	NMD
2	NMD
2	NMD
2	NMD
2	NMD
2	NMD
2	NMD
2	NMD
2	NMD
2	NMD
2	NMD
2	NMD
2	NMD
2	NMD
2	NMD
2	NMD
2	NMD
2	NMD
2	NMD
2	NMD
2	NMD
2	NMD
2	NMD
2	NMD
2	NMD
2	NMD
2	NMD
2	NMD
2	NMD
2	NMD
2	NMD
2	NMD
2	NMD
2	NMD
2	NMD
2	NMD
2	NMD
2	NMD
2	NMD
2	NMD
2	NMD
2	NMD
2	NMD
2	NMD
2	NMD
2	NMD
2	NMD
2	NMD
2	NMD
2	NMD
2	NMD
2	NMD
2	NMD
2	NMD
2	NMD
2	NMD
2	NMD
2	NMD
2	NMD
2	NMD
2	NMD
2	NMD
2	NMD
2	NMD
2	NMD
2	NMD
2	NMD
2	NMD
2	NMD
2	NMD
2	NMD
2	NMD
2	NMD
2	NMD
2	NMD
2	NMD
2	NMD
2	NMD
2	NMD
2	NMD
2	NMD
2	NMD
2	NMD
2	NMD
2	NMD
2	NMD
2	NMD
2	NMD
2	NMD
2	NMD
2	NMD
2	NMD
2	NMD
2	NMD
2	NMD
2	NMD
2	NMD
3	NMD
3	NMD
3	NMD
3	NMD
3	NMD
3	NMD
3	NMD
3	NMD
3	NMD
3	NMD
3	NMD
3	NMD
3	NMD
3	NMD
3	NMD
3	NMD
3	NMD
3	NMD
3	NMD
3	NMD
3	NMD
3	NMD
3	NMD
3	NMD
3	NMD
3	NMD
3	NMD
3	NMD
3	NMD
3	NMD
3	NMD
3	NMD
3	NMD
3	NMD
3	NMD
3	NMD
3	NMD
3	NMD
3	NMD
3	NMD
3	NMD
3	NMD
3	NMD
3	NMD
3	NMD
3	NMD
3	NMD
3	NMD
3	NMD
3	NMD
3	NMD
3	NMD
3	NMD
3	NMD
3	NMD
3	NMD
3	NMD
3	NMD
3	NMD
3	NMD
3	NMD
3	NMD
3	NMD
3	NMD
3	NMD
3	NMD
3	NMD
3	NMD
3	NMD
3	NMD
3	NMD
3	NMD
3	NMD
3	NMD
3	NMD
3	NMD
3	NMD
3	NMD
3	NMD
3	NMD
3	NMD
3	NMD
3	NMD
3	NMD
3	NMD
3	NMD
3	NMD
3	NMD
3	NMD
3	NMD
3	NMD
3	NMD
3	NMD
3	NMD
3	NMD
3	NMD
3	NMD
3	NMD
3	NMD
3	NMD
4	NMD
4	NMD
4	NMD
4	NMD
4	NMD
4	NMD
4	NMD
4	NMD
4	NMD
4	NMD
4	NMD
4	NMD
4	NMD
4	NMD
4	NMD
4	NMD
4	NMD
4	NMD
4	NMD
4	NMD
4	NMD
4	NMD
4	NMD
4	NMD
4	NMD
4	NMD
4	NMD
4	NMD
4	NMD
4	NMD
4	NMD
4	NMD
4	NMD
4	NMD
4	NMD
4	NMD
4	NMD
4	NMD
4	NMD
4	NMD
4	NMD
4	NMD
4	NMD
4	NMD
4	NMD
4	NMD
4	NMD
4	NMD
4	NMD
4	NMD
4	NMD
4	NMD
4	NMD
4	NMD
4	NMD
4	NMD
4	NMD
4	NMD
4	NMD
4	NMD
4	NMD
4	NMD
4	NMD
4	NMD
4	NMD
4	NMD
4	NMD
4	NMD
4	NMD
4	NMD
4	NMD
4	NMD
4	NMD
4	NMD
4	NMD
4	NMD
4	NMD
4	NMD
4	NMD
4	NMD
4	NMD
4	NMD
4	NMD
4	NMD
4	NMD
4	NMD
4	NMD
4	NMD
4	NMD
4	NMD
4	NMD
4	NMD
4	NMD
4	NMD
4	NMD
4	NMD
4	NMD
4	NMD
4	NMD
4	NMD
5	OTHER
5	OTHER
5	OTHER
5	OTHER
5	OTHER
5	OTHER
5	OTHER
5	OTHER
5	OTHER
5	OTHER
5	OTHER
5	OTHER
5	OTHER
5	OTHER
5	OTHER
5	OTHER
5	OTHER
5	OTHER
5	OTHER
5	OTHER
5	OTHER
5	OTHER
5	OTHER
5	OTHER
5	OTHER
5	OTHER
5	OTHER
5	OTHER
5	OTHER
5	OTHER
5	OTHER
5	OTHER
5	OTHER
5	OTHER
5	OTHER
5	OTHER
5	OTHER
5	OTHER
5	OTHER
5	OTHER
5	OTHER
5	OTHER
5	OTHER
5	OTHER
5	OTHER
5	OTHER
5	OTHER
5	OTHER
5	OTHER
5	OTHER
5	OTHER
5	OTHER
5	OTHER
5	OTHER
5	OTHER
5	OTHER
5	OTHER
5	OTHER
5	OTHER
5	OTHER
5	OTHER
5	OTHER
5	OTHER
5	OTHER
5	OTHER
5	OTHER
5	OTHER
5	OTHER
5	OTHER
5	OTHER
5	OTHER
5	OTHER
5	OTHER
5	OTHER
5	OTHER
5	OTHER
5	OTHER
5	OTHER
5	OTHER
5	OTHER
5	OTHER
5	OTHER
5	OTHER
5	OTHER
5	OTHER
5	OTHER
5	OTHER
5	OTHER
5	OTHER
5	OTHER
5	OTHER
5	OTHER
5	OTHER
5	OTHER
5	OTHER
5	OTHER
5	OTHER
5	OTHER
5	OTHER
5	OTHER
6	OTHER
6	OTHER
6	OTHER
6	OTHER
6	OTHER
6	OTHER
6	OTHER
6	OTHER
6	OTHER
6	OTHER
6	OTHER
6	OTHER
6	OTHER
6	OTHER
6	OTHER
6	OTHER
6	OTHER
6	OTHER
6	OTHER
6	OTHER
6	OTHER
6	OTHER
6	OTHER
6	OTHER
6	OTHER
6	OTHER
6	OTHER
6	OTHER
6	OTHER
6	OTHER
6	OTHER
6	OTHER
6	OTHER
6	OTHER
6	OTHER
6	OTHER
6	OTHER
6	OTHER
6	OTHER
6	OTHER
6	OTHER
6	OTHER
6	OTHER
6	OTHER
6	OTHER
6	OTHER
6	OTHER
6	OTHER
6	OTHER
6	OTHER
6	OTHER
6	OTHER
6	OTHER
6	OTHER
6	OTHER
6	OTHER
6	OTHER
6	OTHER
6	OTHER
6	OTHER
6	OTHER
6	OTHER
6	OTHER
6	OTHER
6	OTHER
6	OTHER
6	OTHER
6	OTHER
6	OTHER
6	OTHER
6	OTHER
6	OTHER
6	OTHER
6	OTHER
6	OTHER
6	OTHER
6	OTHER
6	OTHER
6	OTHER
6	OTHER
6	OTHER
6	OTHER
6	OTHER
6	OTHER
6	OTHER
6	OTHER
6	OTHER
6	OTHER
6	OTHER
6	OTHER
6	OTHER
6	OTHER
6	OTHER
6	OTHER
6	OTHER
6	OTHER
6	OTHER
6	OTHER
6	OTHER
6	OTHER
7	OTHER
7	OTHER
7	OTHER
7	OTHER
7	OTHER
7	OTHER
7	OTHER
7	OTHER
7	OTHER
7	OTHER
7	OTHER
7	OTHER
7	OTHER
7	OTHER
7	OTHER
7	OTHER
7	OTHER
7	OTHER
7	OTHER
7	OTHER
7	OTHER
7	OTHER
7	OTHER
7	OTHER
7	OTHER
7	OTHER
7	OTHER
7	OTHER
7	OTHER
7	OTHER
7	OTHER
7	OTHER
7	OTHER
7	OTHER
7	OTHER
7	OTHER
7	OTHER
7	OTHER
7	OTHER
7	OTHER
7	OTHER
7	OTHER
7	OTHER
7	OTHER
7	OTHER
7	OTHER
7	OTHER
7	OTHER
7	OTHER
7	OTHER
7	OTHER
7	OTHER
7	OTHER
7	OTHER
7	OTHER
7	OTHER
7	OTHER
7	OTHER
7	OTHER
7	OTHER
7	OTHER
7	OTHER
7	OTHER
7	OTHER
7	OTHER
7	OTHER
7	OTHER
7	OTHER
7	OTHER
7	OTHER
7	OTHER
7	OTHER
7	OTHER
7	OTHER
7	OTHER
7	OTHER
7	OTHER
7	OTHER
7	OTHER
7	OTHER
7	OTHER
7	OTHER
7	OTHER
7	OTHER
7	OTHER
7	OTHER
7	OTHER
7	OTHER
7	OTHER
7	OTHER
7	OTHER
7	OTHER
7	OTHER
7	OTHER
7	OTHER
7	OTHER
7	OTHER
7	OTHER
7	OTHER
7	OTHER
8	OTHER
8	OTHER
8	OTHER
8	OTHER
8	OTHER
8	OTHER
8	OTHER
8	OTHER
8	OTHER
8	OTHER
8	OTHER
8	OTHER
8	OTHER
8	OTHER
8	OTHER
8	OTHER
8	OTHER
8	OTHER
8	OTHER
8	OTHER
8	OTHER
8	OTHER
8	OTHER
8	OTHER
8	OTHER
8	OTHER
8	OTHER
8	OTHER
8	OTHER
8	OTHER
8	OTHER
8	OTHER
8	OTHER
8	OTHER
8	OTHER
8	OTHER
8	OTHER
8	OTHER
8	OTHER
8	OTHER
8	OTHER
8	OTHER
8	OTHER
8	OTHER
8	OTHER
8	OTHER
8	OTHER
8	OTHER
8	OTHER
8	OTHER
8	OTHER
8	OTHER
8	OTHER
8	OTHER
8	OTHER
8	OTHER
8	OTHER
8	OTHER
8	OTHER
8	OTHER
8	OTHER
8	OTHER
8	OTHER
8	OTHER
8	OTHER
8	OTHER
8	OTHER
8	OTHER
8	OTHER
8	OTHER
8	OTHER
8	OTHER
8	OTHER
8	OTHER
8	OTHER
8	OTHER
8	OTHER
8	OTHER
8	OTHER
8	OTHER
8	OTHER
8	OTHER
8	OTHER
8	OTHER
8	OTHER
8	OTHER
8	OTHER
8	OTHER
8	OTHER
8	OTHER
8	OTHER
8	OTHER
8	OTHER
8	OTHER
8	OTHER
8	OTHER
8	OTHER
8	OTHER
8	OTHER
8	OTHER
